HGVS,HGVS_transcript,Gene,Observed_pathogenicity,clinical_group,Effect_function,Consequence,popmax_af_for_BA1_BS1,overall_af_for_PM2,gnomad_frequency_status,appears_absent_or_zero_in_gnomad,frequency_evidence_interpretation,manual_check_reason,manual_gnomad_confirmed,manual_gnomad_version_checked,manual_gnomad_overall_AF,manual_gnomad_popmax_AF,manual_notes
HBB:c.2T>A,NM_000518.4:c.2T>A,HBB,P/LP,P/LP,Initiation codon,start_lost,0,6.2726e-7,Numerical frequency available,TRUE,PM2_Supporting rarity flag,Appears absent/zero in gnomAD from VEP annotation,,,,,
HBB:c.83C>G,NM_000518.4:c.83C>G,HBB,VUS,VUS,Missense codons,missense_variant,0,6.19866e-7,Numerical frequency available,TRUE,PM2_Supporting rarity flag,Appears absent/zero in gnomAD from VEP annotation,,,,,
HBB:c.314G>C,NM_000518.4:c.314G>C,HBB,VUS,VUS,Splice region variant; Missense codons,"missense_variant,splice_region_variant",0,6.19566e-7,Numerical frequency available,TRUE,PM2_Supporting rarity flag,Appears absent/zero in gnomAD from VEP annotation,,,,,
HBA2:c.358C>G,NM_000517.4:c.358C>G,HBA2,VUS,VUS,Missense codons,missense_variant,0,6.22244e-7,Numerical frequency available,TRUE,PM2_Supporting rarity flag,Appears absent/zero in gnomAD from VEP annotation,,,,,
HBB:c.20A>T,NM_000518.4:c.20A>T,HBB,P/LP,P/LP,Missense codons,missense_variant,0.0494874,0.00265235,Numerical frequency available,FALSE,BA1-level frequency flag,High-frequency P/LP variant,,,,,
HBB:c.364G>C,NM_000518.4:c.364G>C,HBB,P/LP,P/LP,Missense codons,missense_variant,0.00502855,4.44211e-4,Numerical frequency available,FALSE,BA1-level frequency flag,High-frequency P/LP variant,,,,,
HBB:c.79G>A,NM_000518.4:c.79G>A,HBB,P/LP,P/LP,"Missense codons, Cryptic splice site",missense_variant,0.00258015,2.23706e-4,Numerical frequency available,FALSE,BS1-level frequency flag,High-frequency P/LP variant,,,,,
HBA1:c.358C>T,NM_000558.5:c.358C>T,HBA1,P/LP,P/LP,Missense codons,missense_variant,0.00131492,3.09947e-5,Numerical frequency available,FALSE,Review: BS1-level POPMAX but PM2-level overall rarity,High-frequency P/LP variant,,,,,
HBA2:c.142G>C,NM_000517.4:c.142G>C,HBA2,P/LP,P/LP,Missense codons,missense_variant,0.00117282,4.14125e-5,Numerical frequency available,FALSE,Review: BS1-level POPMAX but PM2-level overall rarity,High-frequency P/LP variant,,,,,
HBB:c.-240G>A,NM_000518.4:c.-240G>A,HBB,P/LP,P/LP,Promoter,upstream_gene_variant,NA,NA,Not assessable from VEP output,FALSE,Frequency not assessable,P/LP variant not assessable from VEP frequency output,,,,,
HBB:c.-151C>T,NM_000518.4:c.-151C>T,HBB,P/LP,P/LP,Promoter,upstream_gene_variant,NA,NA,Not assessable from VEP output,FALSE,Frequency not assessable,P/LP variant not assessable from VEP frequency output,,,,,
HBB:c.-142C>T,NM_000518.4:c.-142C>T,HBB,P/LP,P/LP,Promoter,upstream_gene_variant,NA,NA,Not assessable from VEP output,FALSE,Frequency not assessable,P/LP variant not assessable from VEP frequency output,,,,,
HBB:c.-140C>T,NM_000518.4:c.-140C>T,HBB,P/LP,P/LP,Promoter,upstream_gene_variant,NA,NA,Not assessable from VEP output,FALSE,Frequency not assessable,P/LP variant not assessable from VEP frequency output,,,,,
HBB:c.-138C>T,NM_000518.4:c.-138C>T,HBB,P/LP,P/LP,Promoter,upstream_gene_variant,NA,NA,Not assessable from VEP output,FALSE,Frequency not assessable,P/LP variant not assessable from VEP frequency output,,,,,
HBB:c.-138C>A,NM_000518.4:c.-138C>A,HBB,P/LP,P/LP,Promoter,upstream_gene_variant,NA,NA,Not assessable from VEP output,FALSE,Frequency not assessable,P/LP variant not assessable from VEP frequency output,,,,,
HBB:c.-137C>G,NM_000518.4:c.-137C>G,HBB,P/LP,P/LP,Promoter,upstream_gene_variant,NA,NA,Not assessable from VEP output,FALSE,Frequency not assessable,P/LP variant not assessable from VEP frequency output,,,,,
HBB:c.-137C>T,NM_000518.4:c.-137C>T,HBB,P/LP,P/LP,Promoter,upstream_gene_variant,NA,NA,Not assessable from VEP output,FALSE,Frequency not assessable,P/LP variant not assessable from VEP frequency output,,,,,
HBB:c.-137C>A,NM_000518.4:c.-137C>A,HBB,P/LP,P/LP,Promoter,upstream_gene_variant,NA,NA,Not assessable from VEP output,FALSE,Frequency not assessable,P/LP variant not assessable from VEP frequency output,,,,,
HBB:c.-136C>G,NM_000518.4:c.-136C>G,HBB,P/LP,P/LP,Promoter,upstream_gene_variant,NA,NA,Not assessable from VEP output,FALSE,Frequency not assessable,P/LP variant not assessable from VEP frequency output,,,,,
