column_name,is_updated_column,possible_original_name,original_column_exists
BayesDel_addAF_score_new,TRUE,BayesDel_addAF_score,TRUE
CADD_PHRED_new,TRUE,CADD_PHRED,TRUE
ClinPred_score_new,TRUE,ClinPred_score,TRUE
Consequence_new,TRUE,Consequence,TRUE
DANN_score_new,TRUE,DANN_score,TRUE
Gene_new,TRUE,Gene,TRUE
Location_new,TRUE,Location,TRUE
MaxEntScan_diff_new,TRUE,MaxEntScan_diff,TRUE
MetaLR_score_new,TRUE,MetaLR_score,TRUE
MetaSVM_score_new,TRUE,MetaSVM_score,TRUE
MutationTaster_score_new,TRUE,MutationTaster_score,TRUE
REVEL_score_new,TRUE,REVEL_score,TRUE
ada_score_new,TRUE,ada_score,TRUE
phastCons17way_primate_new,TRUE,phastCons17way_primate,TRUE
phyloP100way_vertebrate_new,TRUE,phyloP100way_vertebrate,TRUE
rf_score_new,TRUE,rf_score,TRUE
AA_new,TRUE,AA,FALSE
AF_new,TRUE,AF,FALSE
ALFA_African_AC_new,TRUE,ALFA_African_AC,FALSE
ALFA_African_AF_new,TRUE,ALFA_African_AF,FALSE
ALFA_African_AN_new,TRUE,ALFA_African_AN,FALSE
ALFA_African_American_AC_new,TRUE,ALFA_African_American_AC,FALSE
ALFA_African_American_AF_new,TRUE,ALFA_African_American_AF,FALSE
ALFA_African_American_AN_new,TRUE,ALFA_African_American_AN,FALSE
ALFA_African_Others_AC_new,TRUE,ALFA_African_Others_AC,FALSE
ALFA_African_Others_AF_new,TRUE,ALFA_African_Others_AF,FALSE
ALFA_African_Others_AN_new,TRUE,ALFA_African_Others_AN,FALSE
ALFA_Asian_AC_new,TRUE,ALFA_Asian_AC,FALSE
ALFA_Asian_AF_new,TRUE,ALFA_Asian_AF,FALSE
ALFA_Asian_AN_new,TRUE,ALFA_Asian_AN,FALSE
ALFA_East_Asian_AC_new,TRUE,ALFA_East_Asian_AC,FALSE
ALFA_East_Asian_AF_new,TRUE,ALFA_East_Asian_AF,FALSE
ALFA_East_Asian_AN_new,TRUE,ALFA_East_Asian_AN,FALSE
ALFA_European_AC_new,TRUE,ALFA_European_AC,FALSE
ALFA_European_AF_new,TRUE,ALFA_European_AF,FALSE
ALFA_European_AN_new,TRUE,ALFA_European_AN,FALSE
ALFA_Latin_American_1_AC_new,TRUE,ALFA_Latin_American_1_AC,FALSE
ALFA_Latin_American_1_AF_new,TRUE,ALFA_Latin_American_1_AF,FALSE
ALFA_Latin_American_1_AN_new,TRUE,ALFA_Latin_American_1_AN,FALSE
ALFA_Latin_American_2_AC_new,TRUE,ALFA_Latin_American_2_AC,FALSE
ALFA_Latin_American_2_AF_new,TRUE,ALFA_Latin_American_2_AF,FALSE
ALFA_Latin_American_2_AN_new,TRUE,ALFA_Latin_American_2_AN,FALSE
ALFA_Other_AC_new,TRUE,ALFA_Other_AC,FALSE
ALFA_Other_AF_new,TRUE,ALFA_Other_AF,FALSE
ALFA_Other_AN_new,TRUE,ALFA_Other_AN,FALSE
ALFA_Other_Asian_AC_new,TRUE,ALFA_Other_Asian_AC,FALSE
ALFA_Other_Asian_AF_new,TRUE,ALFA_Other_Asian_AF,FALSE
ALFA_Other_Asian_AN_new,TRUE,ALFA_Other_Asian_AN,FALSE
ALFA_South_Asian_AC_new,TRUE,ALFA_South_Asian_AC,FALSE
ALFA_South_Asian_AF_new,TRUE,ALFA_South_Asian_AF,FALSE
ALFA_South_Asian_AN_new,TRUE,ALFA_South_Asian_AN,FALSE
ALFA_Total_AC_new,TRUE,ALFA_Total_AC,FALSE
ALFA_Total_AF_new,TRUE,ALFA_Total_AF,FALSE
ALFA_Total_AN_new,TRUE,ALFA_Total_AN,FALSE
APPRIS_new,TRUE,APPRIS,FALSE
Allele_new,TRUE,Allele,FALSE
AllofUs_AFR_AC_new,TRUE,AllofUs_AFR_AC,FALSE
AllofUs_AFR_AF_new,TRUE,AllofUs_AFR_AF,FALSE
AllofUs_AFR_AN_new,TRUE,AllofUs_AFR_AN,FALSE
AllofUs_ALL_AC_new,TRUE,AllofUs_ALL_AC,FALSE
AllofUs_ALL_AF_new,TRUE,AllofUs_ALL_AF,FALSE
AllofUs_ALL_AN_new,TRUE,AllofUs_ALL_AN,FALSE
AllofUs_AMR_AC_new,TRUE,AllofUs_AMR_AC,FALSE
AllofUs_AMR_AF_new,TRUE,AllofUs_AMR_AF,FALSE
AllofUs_AMR_AN_new,TRUE,AllofUs_AMR_AN,FALSE
AllofUs_EAS_AC_new,TRUE,AllofUs_EAS_AC,FALSE
AllofUs_EAS_AF_new,TRUE,AllofUs_EAS_AF,FALSE
AllofUs_EAS_AN_new,TRUE,AllofUs_EAS_AN,FALSE
AllofUs_EUR_AC_new,TRUE,AllofUs_EUR_AC,FALSE
AllofUs_EUR_AF_new,TRUE,AllofUs_EUR_AF,FALSE
AllofUs_EUR_AN_new,TRUE,AllofUs_EUR_AN,FALSE
AllofUs_MID_AC_new,TRUE,AllofUs_MID_AC,FALSE
AllofUs_MID_AF_new,TRUE,AllofUs_MID_AF,FALSE
AllofUs_MID_AN_new,TRUE,AllofUs_MID_AN,FALSE
AllofUs_OTH_AC_new,TRUE,AllofUs_OTH_AC,FALSE
AllofUs_OTH_AF_new,TRUE,AllofUs_OTH_AF,FALSE
AllofUs_OTH_AN_new,TRUE,AllofUs_OTH_AN,FALSE
AllofUs_POPMAX_AC_new,TRUE,AllofUs_POPMAX_AC,FALSE
AllofUs_POPMAX_AF_new,TRUE,AllofUs_POPMAX_AF,FALSE
AllofUs_POPMAX_AN_new,TRUE,AllofUs_POPMAX_AN,FALSE
AllofUs_POPMAX_POP_new,TRUE,AllofUs_POPMAX_POP,FALSE
AllofUs_SAS_AC_new,TRUE,AllofUs_SAS_AC,FALSE
AllofUs_SAS_AF_new,TRUE,AllofUs_SAS_AF,FALSE
AllofUs_SAS_AN_new,TRUE,AllofUs_SAS_AN,FALSE
Aloft_Confidence_new,TRUE,Aloft_Confidence,FALSE
Aloft_Fraction_transcripts_affected_new,TRUE,Aloft_Fraction_transcripts_affected,FALSE
Aloft_pred_new,TRUE,Aloft_pred,FALSE
Aloft_prob_Dominant_new,TRUE,Aloft_prob_Dominant,FALSE
Aloft_prob_Recessive_new,TRUE,Aloft_prob_Recessive,FALSE
Aloft_prob_Tolerant_new,TRUE,Aloft_prob_Tolerant,FALSE
AltaiNeandertal_new,TRUE,AltaiNeandertal,FALSE
Amino_acids_new,TRUE,Amino_acids,FALSE
BIOTYPE_new,TRUE,BIOTYPE,FALSE
BLOSUM62_new,TRUE,BLOSUM62,FALSE
BayesDel_addAF_pred_new,TRUE,BayesDel_addAF_pred,FALSE
BayesDel_addAF_rankscore_new,TRUE,BayesDel_addAF_rankscore,FALSE
BayesDel_noAF_pred_new,TRUE,BayesDel_noAF_pred,FALSE
BayesDel_noAF_rankscore_new,TRUE,BayesDel_noAF_rankscore,FALSE
BayesDel_noAF_score_new,TRUE,BayesDel_noAF_score,FALSE
CADD_RAW_new,TRUE,CADD_RAW,FALSE
CCDS_id_new,TRUE,CCDS_id,FALSE
CDS_position_new,TRUE,CDS_position,FALSE
CLIN_SIG_new,TRUE,CLIN_SIG,FALSE
ChagyrskayaNeandertal_new,TRUE,ChagyrskayaNeandertal,FALSE
ClinGen_Haploinsufficiency_Description_new,TRUE,ClinGen_Haploinsufficiency_Description,FALSE
ClinGen_Haploinsufficiency_Disease_new,TRUE,ClinGen_Haploinsufficiency_Disease,FALSE
ClinGen_Haploinsufficiency_PMID_new,TRUE,ClinGen_Haploinsufficiency_PMID,FALSE
ClinGen_Haploinsufficiency_Score_new,TRUE,ClinGen_Haploinsufficiency_Score,FALSE
ClinPred_new,TRUE,ClinPred,FALSE
ClinPred_pred_new,TRUE,ClinPred_pred,FALSE
ClinPred_rankscore_new,TRUE,ClinPred_rankscore,FALSE
Codons_new,TRUE,Codons,FALSE
DANN_rankscore_new,TRUE,DANN_rankscore,FALSE
DEOGEN2_pred_new,TRUE,DEOGEN2_pred,FALSE
DEOGEN2_rankscore_new,TRUE,DEOGEN2_rankscore,FALSE
DEOGEN2_score_new,TRUE,DEOGEN2_score,FALSE
DISTANCE_new,TRUE,DISTANCE,FALSE
Denisova_new,TRUE,Denisova,FALSE
Disease_description_new,TRUE,Disease_description,FALSE
ESM1b_converted_rankscore_new,TRUE,ESM1b_converted_rankscore,FALSE
ESM1b_pred_new,TRUE,ESM1b_pred,FALSE
ESM1b_score_new,TRUE,ESM1b_score,FALSE
EVE_CLASS_new,TRUE,EVE_CLASS,FALSE
EVE_SCORE_new,TRUE,EVE_SCORE,FALSE
EXON_new,TRUE,EXON,FALSE
Eigen_PC_phred_coding_new,TRUE,Eigen_PC_phred_coding,FALSE
Eigen_PC_raw_coding_new,TRUE,Eigen_PC_raw_coding,FALSE
Eigen_PC_raw_coding_rankscore_new,TRUE,Eigen_PC_raw_coding_rankscore,FALSE
Eigen_phred_coding_new,TRUE,Eigen_phred_coding,FALSE
Eigen_raw_coding_new,TRUE,Eigen_raw_coding,FALSE
Eigen_raw_coding_rankscore_new,TRUE,Eigen_raw_coding_rankscore,FALSE
Ensembl_geneid_new,TRUE,Ensembl_geneid,FALSE
Ensembl_proteinid_new,TRUE,Ensembl_proteinid,FALSE
Ensembl_transcriptid_new,TRUE,Ensembl_transcriptid,FALSE
Entrez_gene_id_new,TRUE,Entrez_gene_id,FALSE
Essential_gene_CRISPR2_new,TRUE,Essential_gene_CRISPR2,FALSE
Essential_gene_CRISPR_new,TRUE,Essential_gene_CRISPR,FALSE
Essential_gene_gene_trap_new,TRUE,Essential_gene_gene_trap,FALSE
Essential_gene_new,TRUE,Essential_gene,FALSE
ExAC_cnv_flag_new,TRUE,ExAC_cnv_flag,FALSE
ExAC_cnv_score_new,TRUE,ExAC_cnv_score,FALSE
ExAC_del_score_new,TRUE,ExAC_del_score,FALSE
ExAC_dup_score_new,TRUE,ExAC_dup_score,FALSE
ExAC_nonTCGA_pLI_new,TRUE,ExAC_nonTCGA_pLI,FALSE
ExAC_nonTCGA_pNull_new,TRUE,ExAC_nonTCGA_pNull,FALSE
ExAC_nonTCGA_pRec_new,TRUE,ExAC_nonTCGA_pRec,FALSE
ExAC_nonpsych_pLI_new,TRUE,ExAC_nonpsych_pLI,FALSE
ExAC_nonpsych_pNull_new,TRUE,ExAC_nonpsych_pNull,FALSE
ExAC_nonpsych_pRec_new,TRUE,ExAC_nonpsych_pRec,FALSE
ExAC_pLI_new,TRUE,ExAC_pLI,FALSE
ExAC_pNull_new,TRUE,ExAC_pNull,FALSE
ExAC_pRec_new,TRUE,ExAC_pRec,FALSE
Existing_variation_new,TRUE,Existing_variation,FALSE
FLAGS_new,TRUE,FLAGS,FALSE
Feature_new,TRUE,Feature,FALSE
Feature_type_new,TRUE,Feature_type,FALSE
Function_description_new,TRUE,Function_description,FALSE
GDI_Phred_new,TRUE,GDI_Phred,FALSE
GDI_new,TRUE,GDI,FALSE
GERP_92_mammals_new,TRUE,GERP_92_mammals,FALSE
GERP_92_mammals_rankscore_new,TRUE,GERP_92_mammals_rankscore,FALSE
GERP__NR_new,TRUE,GERP__NR,FALSE
GERP__RS_new,TRUE,GERP__RS,FALSE
GERP__RS_rankscore_new,TRUE,GERP__RS_rankscore,FALSE
GHIS_new,TRUE,GHIS,FALSE
GO_biological_process_new,TRUE,GO_biological_process,FALSE
GO_cellular_component_new,TRUE,GO_cellular_component,FALSE
GO_molecular_function_new,TRUE,GO_molecular_function,FALSE
GenCC_disease_title_new,TRUE,GenCC_disease_title,FALSE
GenCC_id_new,TRUE,GenCC_id,FALSE
GenCC_impact_class_new,TRUE,GenCC_impact_class,FALSE
GenCC_model_of_inheritance_new,TRUE,GenCC_model_of_inheritance,FALSE
GenCC_pmid_new,TRUE,GenCC_pmid,FALSE
Gene_damage_prediction_Mendelian_AD_disease_causing_genes_new,TRUE,Gene_damage_prediction_Mendelian_AD_disease_causing_genes,FALSE
Gene_damage_prediction_Mendelian_AR_disease_causing_genes_new,TRUE,Gene_damage_prediction_Mendelian_AR_disease_causing_genes,FALSE
Gene_damage_prediction_PID_AD_disease_causing_genes_new,TRUE,Gene_damage_prediction_PID_AD_disease_causing_genes,FALSE
Gene_damage_prediction_PID_AR_disease_causing_genes_new,TRUE,Gene_damage_prediction_PID_AR_disease_causing_genes,FALSE
Gene_damage_prediction_all_Mendelian_disease_causing_genes_new,TRUE,Gene_damage_prediction_all_Mendelian_disease_causing_genes,FALSE
Gene_damage_prediction_all_PID_disease_causing_genes_new,TRUE,Gene_damage_prediction_all_PID_disease_causing_genes,FALSE
Gene_damage_prediction_all_cancer_disease_causing_genes_new,TRUE,Gene_damage_prediction_all_cancer_disease_causing_genes,FALSE
Gene_damage_prediction_all_disease_causing_genes_new,TRUE,Gene_damage_prediction_all_disease_causing_genes,FALSE
Gene_damage_prediction_cancer_dominant_disease_causing_genes_new,TRUE,Gene_damage_prediction_cancer_dominant_disease_causing_genes,FALSE
Gene_damage_prediction_cancer_recessive_disease_causing_genes_new,TRUE,Gene_damage_prediction_cancer_recessive_disease_causing_genes,FALSE
Gene_full_name_new,TRUE,Gene_full_name,FALSE
Gene_indispensability_pred_new,TRUE,Gene_indispensability_pred,FALSE
Gene_indispensability_score_new,TRUE,Gene_indispensability_score,FALSE
Gene_old_names_new,TRUE,Gene_old_names,FALSE
Gene_other_names_new,TRUE,Gene_other_names,FALSE
Gp3_AC_new,TRUE,Gp3_AC,FALSE
Gp3_AFR_AC_new,TRUE,Gp3_AFR_AC,FALSE
Gp3_AFR_AF_new,TRUE,Gp3_AFR_AF,FALSE
Gp3_AF_new,TRUE,Gp3_AF,FALSE
Gp3_AMR_AC_new,TRUE,Gp3_AMR_AC,FALSE
Gp3_AMR_AF_new,TRUE,Gp3_AMR_AF,FALSE
Gp3_EAS_AC_new,TRUE,Gp3_EAS_AC,FALSE
Gp3_EAS_AF_new,TRUE,Gp3_EAS_AF,FALSE
Gp3_EUR_AC_new,TRUE,Gp3_EUR_AC,FALSE
Gp3_EUR_AF_new,TRUE,Gp3_EUR_AF,FALSE
Gp3_SAS_AC_new,TRUE,Gp3_SAS_AC,FALSE
Gp3_SAS_AF_new,TRUE,Gp3_SAS_AF,FALSE
HGNC_ID_new,TRUE,HGNC_ID,FALSE
HGVSc_new,TRUE,HGVSc,FALSE
HGVSp_new,TRUE,HGVSp,FALSE
HIGH_INF_POS_new,TRUE,HIGH_INF_POS,FALSE
HIPred_new,TRUE,HIPred,FALSE
HIPred_score_new,TRUE,HIPred_score,FALSE
HPA_consensus_adipose_tissue_new,TRUE,HPA_consensus_adipose_tissue,FALSE
HPA_consensus_adrenal_gland_new,TRUE,HPA_consensus_adrenal_gland,FALSE
HPA_consensus_amygdala_new,TRUE,HPA_consensus_amygdala,FALSE
HPA_consensus_appendix_new,TRUE,HPA_consensus_appendix,FALSE
HPA_consensus_basal_ganglia_new,TRUE,HPA_consensus_basal_ganglia,FALSE
HPA_consensus_bone_marrow_new,TRUE,HPA_consensus_bone_marrow,FALSE
HPA_consensus_breast_new,TRUE,HPA_consensus_breast,FALSE
HPA_consensus_cerebellum_new,TRUE,HPA_consensus_cerebellum,FALSE
HPA_consensus_cerebral_cortex_new,TRUE,HPA_consensus_cerebral_cortex,FALSE
HPA_consensus_cervix_new,TRUE,HPA_consensus_cervix,FALSE
HPA_consensus_choroid_plexus_new,TRUE,HPA_consensus_choroid_plexus,FALSE
HPA_consensus_colon_new,TRUE,HPA_consensus_colon,FALSE
HPA_consensus_duodenum_new,TRUE,HPA_consensus_duodenum,FALSE
HPA_consensus_endometrium_new,TRUE,HPA_consensus_endometrium,FALSE
HPA_consensus_epididymis_new,TRUE,HPA_consensus_epididymis,FALSE
HPA_consensus_esophagus_new,TRUE,HPA_consensus_esophagus,FALSE
HPA_consensus_fallopian_tube_new,TRUE,HPA_consensus_fallopian_tube,FALSE
HPA_consensus_gallbladder_new,TRUE,HPA_consensus_gallbladder,FALSE
HPA_consensus_heart_muscle_new,TRUE,HPA_consensus_heart_muscle,FALSE
HPA_consensus_highly_expressed_new,TRUE,HPA_consensus_highly_expressed,FALSE
HPA_consensus_hippocampal_formation_new,TRUE,HPA_consensus_hippocampal_formation,FALSE
HPA_consensus_hypothalamus_new,TRUE,HPA_consensus_hypothalamus,FALSE
HPA_consensus_kidney_new,TRUE,HPA_consensus_kidney,FALSE
HPA_consensus_liver_new,TRUE,HPA_consensus_liver,FALSE
HPA_consensus_lung_new,TRUE,HPA_consensus_lung,FALSE
HPA_consensus_lymph_node_new,TRUE,HPA_consensus_lymph_node,FALSE
HPA_consensus_midbrain_new,TRUE,HPA_consensus_midbrain,FALSE
HPA_consensus_ovary_new,TRUE,HPA_consensus_ovary,FALSE
HPA_consensus_pancreas_new,TRUE,HPA_consensus_pancreas,FALSE
HPA_consensus_parathyroid_gland_new,TRUE,HPA_consensus_parathyroid_gland,FALSE
HPA_consensus_pituitary_gland_new,TRUE,HPA_consensus_pituitary_gland,FALSE
HPA_consensus_placenta_new,TRUE,HPA_consensus_placenta,FALSE
HPA_consensus_prostate_new,TRUE,HPA_consensus_prostate,FALSE
HPA_consensus_rectum_new,TRUE,HPA_consensus_rectum,FALSE
HPA_consensus_retina_new,TRUE,HPA_consensus_retina,FALSE
HPA_consensus_salivary_gland_new,TRUE,HPA_consensus_salivary_gland,FALSE
HPA_consensus_seminal_vesicle_new,TRUE,HPA_consensus_seminal_vesicle,FALSE
HPA_consensus_skeletal_muscle_new,TRUE,HPA_consensus_skeletal_muscle,FALSE
HPA_consensus_skin_new,TRUE,HPA_consensus_skin,FALSE
HPA_consensus_small_intestine_new,TRUE,HPA_consensus_small_intestine,FALSE
HPA_consensus_smooth_muscle_new,TRUE,HPA_consensus_smooth_muscle,FALSE
HPA_consensus_spinal_cord_new,TRUE,HPA_consensus_spinal_cord,FALSE
HPA_consensus_spleen_new,TRUE,HPA_consensus_spleen,FALSE
HPA_consensus_stomach_new,TRUE,HPA_consensus_stomach,FALSE
HPA_consensus_testis_new,TRUE,HPA_consensus_testis,FALSE
HPA_consensus_thymus_new,TRUE,HPA_consensus_thymus,FALSE
HPA_consensus_thyroid_gland_new,TRUE,HPA_consensus_thyroid_gland,FALSE
HPA_consensus_tongue_new,TRUE,HPA_consensus_tongue,FALSE
HPA_consensus_tonsil_new,TRUE,HPA_consensus_tonsil,FALSE
HPA_consensus_urinary_bladder_new,TRUE,HPA_consensus_urinary_bladder,FALSE
HPA_consensus_vagina_new,TRUE,HPA_consensus_vagina,FALSE
HPO_id_new,TRUE,HPO_id,FALSE
HPO_name_new,TRUE,HPO_name,FALSE
IMPACT_new,TRUE,IMPACT,FALSE
INTRON_new,TRUE,INTRON,FALSE
Interpro_domain_new,TRUE,Interpro_domain,FALSE
Known_rec_info_new,TRUE,Known_rec_info,FALSE
LIST_S2_pred_new,TRUE,LIST_S2_pred,FALSE
LIST_S2_rankscore_new,TRUE,LIST_S2_rankscore,FALSE
LIST_S2_score_new,TRUE,LIST_S2_score,FALSE
LoF_FDR_ExAC_new,TRUE,LoF_FDR_ExAC,FALSE
LoFtool_score_new,TRUE,LoFtool_score,FALSE
MANE_PLUS_CLINICAL_new,TRUE,MANE_PLUS_CLINICAL,FALSE
MANE_SELECT_new,TRUE,MANE_SELECT,FALSE
MANE_new,TRUE,MANE,FALSE
MGI_mouse_gene_new,TRUE,MGI_mouse_gene,FALSE
MGI_mouse_phenotype_new,TRUE,MGI_mouse_phenotype,FALSE
MIM_disease_new,TRUE,MIM_disease,FALSE
MIM_id_new,TRUE,MIM_id,FALSE
MIM_phenotype_id_new,TRUE,MIM_phenotype_id,FALSE
MOTIF_NAME_new,TRUE,MOTIF_NAME,FALSE
MOTIF_POS_new,TRUE,MOTIF_POS,FALSE
MOTIF_SCORE_CHANGE_new,TRUE,MOTIF_SCORE_CHANGE,FALSE
MPC_rankscore_new,TRUE,MPC_rankscore,FALSE
MPC_score_new,TRUE,MPC_score,FALSE
MVP_rankscore_new,TRUE,MVP_rankscore,FALSE
MVP_score_new,TRUE,MVP_score,FALSE
MaxEntScan_alt_new,TRUE,MaxEntScan_alt,FALSE
MaxEntScan_ref_new,TRUE,MaxEntScan_ref,FALSE
MetaLR_pred_new,TRUE,MetaLR_pred,FALSE
MetaLR_rankscore_new,TRUE,MetaLR_rankscore,FALSE
MetaRNN_pred_new,TRUE,MetaRNN_pred,FALSE
MetaRNN_rankscore_new,TRUE,MetaRNN_rankscore,FALSE
MetaRNN_score_new,TRUE,MetaRNN_score,FALSE
MetaSVM_pred_new,TRUE,MetaSVM_pred,FALSE
MetaSVM_rankscore_new,TRUE,MetaSVM_rankscore,FALSE
MisFit_D_pred_lenient_new,TRUE,MisFit_D_pred_lenient,FALSE
MisFit_D_pred_stringent_new,TRUE,MisFit_D_pred_stringent,FALSE
MisFit_D_rankscore_new,TRUE,MisFit_D_rankscore,FALSE
MisFit_D_score_new,TRUE,MisFit_D_score,FALSE
MisFit_S_rankscore_new,TRUE,MisFit_S_rankscore,FALSE
MisFit_S_score_new,TRUE,MisFit_S_score,FALSE
MutFormer_rankscore_new,TRUE,MutFormer_rankscore,FALSE
MutFormer_score_new,TRUE,MutFormer_score,FALSE
MutPred2_pred_new,TRUE,MutPred2_pred,FALSE
MutPred2_rankscore_new,TRUE,MutPred2_rankscore,FALSE
MutPred2_score_new,TRUE,MutPred2_score,FALSE
MutPred2_top5_mechanisms_new,TRUE,MutPred2_top5_mechanisms,FALSE
MutationAssessor_pred_new,TRUE,MutationAssessor_pred,FALSE
MutationAssessor_rankscore_new,TRUE,MutationAssessor_rankscore,FALSE
MutationAssessor_score_new,TRUE,MutationAssessor_score,FALSE
MutationTaster_model_new,TRUE,MutationTaster_model,FALSE
MutationTaster_pred_new,TRUE,MutationTaster_pred,FALSE
MutationTaster_rankscore_new,TRUE,MutationTaster_rankscore,FALSE
MutationTaster_trees_benign_new,TRUE,MutationTaster_trees_benign,FALSE
MutationTaster_trees_deleterious_new,TRUE,MutationTaster_trees_deleterious,FALSE
OMIM_id_new,TRUE,OMIM_id,FALSE
Orphanet_association_type_new,TRUE,Orphanet_association_type,FALSE
Orphanet_disorder_id_new,TRUE,Orphanet_disorder_id,FALSE
Orphanet_disorder_new,TRUE,Orphanet_disorder,FALSE
PHACTboost_rankscore_new,TRUE,PHACTboost_rankscore,FALSE
PHACTboost_score_new,TRUE,PHACTboost_score,FALSE
PHENO_new,TRUE,PHENO,FALSE
PROVEAN_converted_rankscore_new,TRUE,PROVEAN_converted_rankscore,FALSE
PROVEAN_pred_new,TRUE,PROVEAN_pred,FALSE
PROVEAN_score_new,TRUE,PROVEAN_score,FALSE
PUBMED_new,TRUE,PUBMED,FALSE
P_HI_new,TRUE,P_HI,FALSE
P_rec_new,TRUE,P_rec,FALSE
Pathway_BioCarta__full_new,TRUE,Pathway_BioCarta__full,FALSE
Pathway_BioCarta__short_new,TRUE,Pathway_BioCarta__short,FALSE
Pathway_ConsensusPathDB_new,TRUE,Pathway_ConsensusPathDB,FALSE
Pathway_KEGG__full_new,TRUE,Pathway_KEGG__full,FALSE
Pathway_KEGG__id_new,TRUE,Pathway_KEGG__id,FALSE
Pathway_Uniprot_new,TRUE,Pathway_Uniprot,FALSE
PolyPhen_new,TRUE,PolyPhen,FALSE
PrimateAI_pred_new,TRUE,PrimateAI_pred,FALSE
PrimateAI_rankscore_new,TRUE,PrimateAI_rankscore,FALSE
PrimateAI_score_new,TRUE,PrimateAI_score,FALSE
Protein_position_new,TRUE,Protein_position,FALSE
REF_ALLELE_new,TRUE,REF_ALLELE,FALSE
REVEL_new,TRUE,REVEL,FALSE
REVEL_rankscore_new,TRUE,REVEL_rankscore,FALSE
RVIS_EVS_new,TRUE,RVIS_EVS,FALSE
RVIS_ExAC_new,TRUE,RVIS_ExAC,FALSE
RVIS_percentile_EVS_new,TRUE,RVIS_percentile_EVS,FALSE
RVIS_percentile_ExAC_new,TRUE,RVIS_percentile_ExAC,FALSE
Refseq_id_new,TRUE,Refseq_id,FALSE
Reliability_index_new,TRUE,Reliability_index,FALSE
SIFT_new,TRUE,SIFT,FALSE
SOMATIC_new,TRUE,SOMATIC,FALSE
STRAND_new,TRUE,STRAND,FALSE
SYMBOL_SOURCE_new,TRUE,SYMBOL_SOURCE,FALSE
SpliceAI_pred_DP_AG_new,TRUE,SpliceAI_pred_DP_AG,FALSE
SpliceAI_pred_DP_AL_new,TRUE,SpliceAI_pred_DP_AL,FALSE
SpliceAI_pred_DP_DG_new,TRUE,SpliceAI_pred_DP_DG,FALSE
SpliceAI_pred_DP_DL_new,TRUE,SpliceAI_pred_DP_DL,FALSE
SpliceAI_pred_DS_AG_new,TRUE,SpliceAI_pred_DS_AG,FALSE
SpliceAI_pred_DS_AL_new,TRUE,SpliceAI_pred_DS_AL,FALSE
SpliceAI_pred_DS_DG_new,TRUE,SpliceAI_pred_DS_DG,FALSE
SpliceAI_pred_DS_DL_new,TRUE,SpliceAI_pred_DS_DL,FALSE
SpliceAI_pred_SYMBOL_new,TRUE,SpliceAI_pred_SYMBOL,FALSE
TOPMed_frz8_AC_new,TRUE,TOPMed_frz8_AC,FALSE
TOPMed_frz8_AF_new,TRUE,TOPMed_frz8_AF,FALSE
TOPMed_frz8_AN_new,TRUE,TOPMed_frz8_AN,FALSE
TRANSCRIPTION_FACTORS_new,TRUE,TRANSCRIPTION_FACTORS,FALSE
TSL_new,TRUE,TSL,FALSE
Tissue_specificity_Uniprot_new,TRUE,Tissue_specificity_Uniprot,FALSE
Trait_association_GWAS_new,TRUE,Trait_association_GWAS,FALSE
UPLOADED_ALLELE_new,TRUE,UPLOADED_ALLELE,FALSE
Uniprot_acc_HGNC_Uniprot_new,TRUE,Uniprot_acc_HGNC_Uniprot,FALSE
Uniprot_acc_new,TRUE,Uniprot_acc,FALSE
Uniprot_entry_new,TRUE,Uniprot_entry,FALSE
Uniprot_id_HGNC_Uniprot_new,TRUE,Uniprot_id_HGNC_Uniprot,FALSE
VARITY_ER_LOO_rankscore_new,TRUE,VARITY_ER_LOO_rankscore,FALSE
VARITY_ER_LOO_score_new,TRUE,VARITY_ER_LOO_score,FALSE
VARITY_ER_rankscore_new,TRUE,VARITY_ER_rankscore,FALSE
VARITY_ER_score_new,TRUE,VARITY_ER_score,FALSE
VARITY_R_LOO_rankscore_new,TRUE,VARITY_R_LOO_rankscore,FALSE
VARITY_R_LOO_score_new,TRUE,VARITY_R_LOO_score,FALSE
VARITY_R_rankscore_new,TRUE,VARITY_R_rankscore,FALSE
VARITY_R_score_new,TRUE,VARITY_R_score,FALSE
VindijiaNeandertal_new,TRUE,VindijiaNeandertal,FALSE
ZFIN_zebrafish_gene_new,TRUE,ZFIN_zebrafish_gene,FALSE
ZFIN_zebrafish_phenotype_quality_new,TRUE,ZFIN_zebrafish_phenotype_quality,FALSE
ZFIN_zebrafish_phenotype_tag_new,TRUE,ZFIN_zebrafish_phenotype_tag,FALSE
ZFIN_zebrafish_structure_new,TRUE,ZFIN_zebrafish_structure,FALSE
aapos_new,TRUE,aapos,FALSE
am_class_new,TRUE,am_class,FALSE
am_pathogenicity_new,TRUE,am_pathogenicity,FALSE
bStatistic_converted_rankscore_new,TRUE,bStatistic_converted_rankscore,FALSE
bStatistic_new,TRUE,bStatistic,FALSE
cDNA_position_new,TRUE,cDNA_position,FALSE
clinvar_MedGen_id_new,TRUE,clinvar_MedGen_id,FALSE
clinvar_OMIM_id_new,TRUE,clinvar_OMIM_id,FALSE
clinvar_Orphanet_id_new,TRUE,clinvar_Orphanet_id,FALSE
clinvar_clnsig_new,TRUE,clinvar_clnsig,FALSE
clinvar_hgvs_new,TRUE,clinvar_hgvs,FALSE
clinvar_id_new,TRUE,clinvar_id,FALSE
clinvar_review_new,TRUE,clinvar_review,FALSE
clinvar_trait_new,TRUE,clinvar_trait,FALSE
clinvar_var_source_new,TRUE,clinvar_var_source,FALSE
codon_degeneracy_new,TRUE,codon_degeneracy,FALSE
dbNSFP_POPMAX_AC_new,TRUE,dbNSFP_POPMAX_AC,FALSE
dbNSFP_POPMAX_AF_new,TRUE,dbNSFP_POPMAX_AF,FALSE
dbNSFP_POPMAX_POP_new,TRUE,dbNSFP_POPMAX_POP,FALSE
fathmm_XF_coding_pred_new,TRUE,fathmm_XF_coding_pred,FALSE
fathmm_XF_coding_rankscore_new,TRUE,fathmm_XF_coding_rankscore,FALSE
fathmm_XF_coding_score_new,TRUE,fathmm_XF_coding_score,FALSE
gMVP_rankscore_new,TRUE,gMVP_rankscore,FALSE
gMVP_score_new,TRUE,gMVP_score,FALSE
genename_new,TRUE,genename,FALSE
gnomAD2_1_1_exomes_controls_AC_new,TRUE,gnomAD2_1_1_exomes_controls_AC,FALSE
gnomAD2_1_1_exomes_controls_AFR_AC_new,TRUE,gnomAD2_1_1_exomes_controls_AFR_AC,FALSE
gnomAD2_1_1_exomes_controls_AFR_AF_new,TRUE,gnomAD2_1_1_exomes_controls_AFR_AF,FALSE
gnomAD2_1_1_exomes_controls_AFR_AN_new,TRUE,gnomAD2_1_1_exomes_controls_AFR_AN,FALSE
gnomAD2_1_1_exomes_controls_AFR_nhomalt_new,TRUE,gnomAD2_1_1_exomes_controls_AFR_nhomalt,FALSE
gnomAD2_1_1_exomes_controls_AF_new,TRUE,gnomAD2_1_1_exomes_controls_AF,FALSE
gnomAD2_1_1_exomes_controls_AMR_AC_new,TRUE,gnomAD2_1_1_exomes_controls_AMR_AC,FALSE
gnomAD2_1_1_exomes_controls_AMR_AF_new,TRUE,gnomAD2_1_1_exomes_controls_AMR_AF,FALSE
gnomAD2_1_1_exomes_controls_AMR_AN_new,TRUE,gnomAD2_1_1_exomes_controls_AMR_AN,FALSE
gnomAD2_1_1_exomes_controls_AMR_nhomalt_new,TRUE,gnomAD2_1_1_exomes_controls_AMR_nhomalt,FALSE
gnomAD2_1_1_exomes_controls_AN_new,TRUE,gnomAD2_1_1_exomes_controls_AN,FALSE
gnomAD2_1_1_exomes_controls_ASJ_AC_new,TRUE,gnomAD2_1_1_exomes_controls_ASJ_AC,FALSE
gnomAD2_1_1_exomes_controls_ASJ_AF_new,TRUE,gnomAD2_1_1_exomes_controls_ASJ_AF,FALSE
gnomAD2_1_1_exomes_controls_ASJ_AN_new,TRUE,gnomAD2_1_1_exomes_controls_ASJ_AN,FALSE
gnomAD2_1_1_exomes_controls_ASJ_nhomalt_new,TRUE,gnomAD2_1_1_exomes_controls_ASJ_nhomalt,FALSE
gnomAD2_1_1_exomes_controls_EAS_AC_new,TRUE,gnomAD2_1_1_exomes_controls_EAS_AC,FALSE
gnomAD2_1_1_exomes_controls_EAS_AF_new,TRUE,gnomAD2_1_1_exomes_controls_EAS_AF,FALSE
gnomAD2_1_1_exomes_controls_EAS_AN_new,TRUE,gnomAD2_1_1_exomes_controls_EAS_AN,FALSE
gnomAD2_1_1_exomes_controls_EAS_nhomalt_new,TRUE,gnomAD2_1_1_exomes_controls_EAS_nhomalt,FALSE
gnomAD2_1_1_exomes_controls_FIN_AC_new,TRUE,gnomAD2_1_1_exomes_controls_FIN_AC,FALSE
gnomAD2_1_1_exomes_controls_FIN_AF_new,TRUE,gnomAD2_1_1_exomes_controls_FIN_AF,FALSE
gnomAD2_1_1_exomes_controls_FIN_AN_new,TRUE,gnomAD2_1_1_exomes_controls_FIN_AN,FALSE
gnomAD2_1_1_exomes_controls_FIN_nhomalt_new,TRUE,gnomAD2_1_1_exomes_controls_FIN_nhomalt,FALSE
gnomAD2_1_1_exomes_controls_NFE_AC_new,TRUE,gnomAD2_1_1_exomes_controls_NFE_AC,FALSE
gnomAD2_1_1_exomes_controls_NFE_AF_new,TRUE,gnomAD2_1_1_exomes_controls_NFE_AF,FALSE
gnomAD2_1_1_exomes_controls_NFE_AN_new,TRUE,gnomAD2_1_1_exomes_controls_NFE_AN,FALSE
gnomAD2_1_1_exomes_controls_NFE_nhomalt_new,TRUE,gnomAD2_1_1_exomes_controls_NFE_nhomalt,FALSE
gnomAD2_1_1_exomes_controls_POPMAX_AC_new,TRUE,gnomAD2_1_1_exomes_controls_POPMAX_AC,FALSE
gnomAD2_1_1_exomes_controls_POPMAX_AF_new,TRUE,gnomAD2_1_1_exomes_controls_POPMAX_AF,FALSE
gnomAD2_1_1_exomes_controls_POPMAX_AN_new,TRUE,gnomAD2_1_1_exomes_controls_POPMAX_AN,FALSE
gnomAD2_1_1_exomes_controls_POPMAX_nhomalt_new,TRUE,gnomAD2_1_1_exomes_controls_POPMAX_nhomalt,FALSE
gnomAD2_1_1_exomes_controls_SAS_AC_new,TRUE,gnomAD2_1_1_exomes_controls_SAS_AC,FALSE
gnomAD2_1_1_exomes_controls_SAS_AF_new,TRUE,gnomAD2_1_1_exomes_controls_SAS_AF,FALSE
gnomAD2_1_1_exomes_controls_SAS_AN_new,TRUE,gnomAD2_1_1_exomes_controls_SAS_AN,FALSE
gnomAD2_1_1_exomes_controls_SAS_nhomalt_new,TRUE,gnomAD2_1_1_exomes_controls_SAS_nhomalt,FALSE
gnomAD2_1_1_exomes_controls_nhomalt_new,TRUE,gnomAD2_1_1_exomes_controls_nhomalt,FALSE
gnomAD2_1_1_exomes_flag_new,TRUE,gnomAD2_1_1_exomes_flag,FALSE
gnomAD2_1_1_exomes_non_cancer_AC_new,TRUE,gnomAD2_1_1_exomes_non_cancer_AC,FALSE
gnomAD2_1_1_exomes_non_cancer_AFR_AC_new,TRUE,gnomAD2_1_1_exomes_non_cancer_AFR_AC,FALSE
gnomAD2_1_1_exomes_non_cancer_AFR_AF_new,TRUE,gnomAD2_1_1_exomes_non_cancer_AFR_AF,FALSE
gnomAD2_1_1_exomes_non_cancer_AFR_AN_new,TRUE,gnomAD2_1_1_exomes_non_cancer_AFR_AN,FALSE
gnomAD2_1_1_exomes_non_cancer_AFR_nhomalt_new,TRUE,gnomAD2_1_1_exomes_non_cancer_AFR_nhomalt,FALSE
gnomAD2_1_1_exomes_non_cancer_AF_new,TRUE,gnomAD2_1_1_exomes_non_cancer_AF,FALSE
gnomAD2_1_1_exomes_non_cancer_AMR_AC_new,TRUE,gnomAD2_1_1_exomes_non_cancer_AMR_AC,FALSE
gnomAD2_1_1_exomes_non_cancer_AMR_AF_new,TRUE,gnomAD2_1_1_exomes_non_cancer_AMR_AF,FALSE
gnomAD2_1_1_exomes_non_cancer_AMR_AN_new,TRUE,gnomAD2_1_1_exomes_non_cancer_AMR_AN,FALSE
gnomAD2_1_1_exomes_non_cancer_AMR_nhomalt_new,TRUE,gnomAD2_1_1_exomes_non_cancer_AMR_nhomalt,FALSE
gnomAD2_1_1_exomes_non_cancer_AN_new,TRUE,gnomAD2_1_1_exomes_non_cancer_AN,FALSE
gnomAD2_1_1_exomes_non_cancer_ASJ_AC_new,TRUE,gnomAD2_1_1_exomes_non_cancer_ASJ_AC,FALSE
gnomAD2_1_1_exomes_non_cancer_ASJ_AF_new,TRUE,gnomAD2_1_1_exomes_non_cancer_ASJ_AF,FALSE
gnomAD2_1_1_exomes_non_cancer_ASJ_AN_new,TRUE,gnomAD2_1_1_exomes_non_cancer_ASJ_AN,FALSE
gnomAD2_1_1_exomes_non_cancer_ASJ_nhomalt_new,TRUE,gnomAD2_1_1_exomes_non_cancer_ASJ_nhomalt,FALSE
gnomAD2_1_1_exomes_non_cancer_EAS_AC_new,TRUE,gnomAD2_1_1_exomes_non_cancer_EAS_AC,FALSE
gnomAD2_1_1_exomes_non_cancer_EAS_AF_new,TRUE,gnomAD2_1_1_exomes_non_cancer_EAS_AF,FALSE
gnomAD2_1_1_exomes_non_cancer_EAS_AN_new,TRUE,gnomAD2_1_1_exomes_non_cancer_EAS_AN,FALSE
gnomAD2_1_1_exomes_non_cancer_EAS_nhomalt_new,TRUE,gnomAD2_1_1_exomes_non_cancer_EAS_nhomalt,FALSE
gnomAD2_1_1_exomes_non_cancer_FIN_AC_new,TRUE,gnomAD2_1_1_exomes_non_cancer_FIN_AC,FALSE
gnomAD2_1_1_exomes_non_cancer_FIN_AF_new,TRUE,gnomAD2_1_1_exomes_non_cancer_FIN_AF,FALSE
gnomAD2_1_1_exomes_non_cancer_FIN_AN_new,TRUE,gnomAD2_1_1_exomes_non_cancer_FIN_AN,FALSE
gnomAD2_1_1_exomes_non_cancer_FIN_nhomalt_new,TRUE,gnomAD2_1_1_exomes_non_cancer_FIN_nhomalt,FALSE
gnomAD2_1_1_exomes_non_cancer_NFE_AC_new,TRUE,gnomAD2_1_1_exomes_non_cancer_NFE_AC,FALSE
gnomAD2_1_1_exomes_non_cancer_NFE_AF_new,TRUE,gnomAD2_1_1_exomes_non_cancer_NFE_AF,FALSE
gnomAD2_1_1_exomes_non_cancer_NFE_AN_new,TRUE,gnomAD2_1_1_exomes_non_cancer_NFE_AN,FALSE
gnomAD2_1_1_exomes_non_cancer_NFE_nhomalt_new,TRUE,gnomAD2_1_1_exomes_non_cancer_NFE_nhomalt,FALSE
gnomAD2_1_1_exomes_non_cancer_POPMAX_AC_new,TRUE,gnomAD2_1_1_exomes_non_cancer_POPMAX_AC,FALSE
gnomAD2_1_1_exomes_non_cancer_POPMAX_AF_new,TRUE,gnomAD2_1_1_exomes_non_cancer_POPMAX_AF,FALSE
gnomAD2_1_1_exomes_non_cancer_POPMAX_AN_new,TRUE,gnomAD2_1_1_exomes_non_cancer_POPMAX_AN,FALSE
gnomAD2_1_1_exomes_non_cancer_POPMAX_nhomalt_new,TRUE,gnomAD2_1_1_exomes_non_cancer_POPMAX_nhomalt,FALSE
gnomAD2_1_1_exomes_non_cancer_SAS_AC_new,TRUE,gnomAD2_1_1_exomes_non_cancer_SAS_AC,FALSE
gnomAD2_1_1_exomes_non_cancer_SAS_AF_new,TRUE,gnomAD2_1_1_exomes_non_cancer_SAS_AF,FALSE
gnomAD2_1_1_exomes_non_cancer_SAS_AN_new,TRUE,gnomAD2_1_1_exomes_non_cancer_SAS_AN,FALSE
gnomAD2_1_1_exomes_non_cancer_SAS_nhomalt_new,TRUE,gnomAD2_1_1_exomes_non_cancer_SAS_nhomalt,FALSE
gnomAD2_1_1_exomes_non_cancer_nhomalt_new,TRUE,gnomAD2_1_1_exomes_non_cancer_nhomalt,FALSE
gnomAD2_1_1_exomes_non_neuro_AC_new,TRUE,gnomAD2_1_1_exomes_non_neuro_AC,FALSE
gnomAD2_1_1_exomes_non_neuro_AFR_AC_new,TRUE,gnomAD2_1_1_exomes_non_neuro_AFR_AC,FALSE
gnomAD2_1_1_exomes_non_neuro_AFR_AF_new,TRUE,gnomAD2_1_1_exomes_non_neuro_AFR_AF,FALSE
gnomAD2_1_1_exomes_non_neuro_AFR_AN_new,TRUE,gnomAD2_1_1_exomes_non_neuro_AFR_AN,FALSE
gnomAD2_1_1_exomes_non_neuro_AFR_nhomalt_new,TRUE,gnomAD2_1_1_exomes_non_neuro_AFR_nhomalt,FALSE
gnomAD2_1_1_exomes_non_neuro_AF_new,TRUE,gnomAD2_1_1_exomes_non_neuro_AF,FALSE
gnomAD2_1_1_exomes_non_neuro_AMR_AC_new,TRUE,gnomAD2_1_1_exomes_non_neuro_AMR_AC,FALSE
gnomAD2_1_1_exomes_non_neuro_AMR_AF_new,TRUE,gnomAD2_1_1_exomes_non_neuro_AMR_AF,FALSE
gnomAD2_1_1_exomes_non_neuro_AMR_AN_new,TRUE,gnomAD2_1_1_exomes_non_neuro_AMR_AN,FALSE
gnomAD2_1_1_exomes_non_neuro_AMR_nhomalt_new,TRUE,gnomAD2_1_1_exomes_non_neuro_AMR_nhomalt,FALSE
gnomAD2_1_1_exomes_non_neuro_AN_new,TRUE,gnomAD2_1_1_exomes_non_neuro_AN,FALSE
gnomAD2_1_1_exomes_non_neuro_ASJ_AC_new,TRUE,gnomAD2_1_1_exomes_non_neuro_ASJ_AC,FALSE
gnomAD2_1_1_exomes_non_neuro_ASJ_AF_new,TRUE,gnomAD2_1_1_exomes_non_neuro_ASJ_AF,FALSE
gnomAD2_1_1_exomes_non_neuro_ASJ_AN_new,TRUE,gnomAD2_1_1_exomes_non_neuro_ASJ_AN,FALSE
gnomAD2_1_1_exomes_non_neuro_ASJ_nhomalt_new,TRUE,gnomAD2_1_1_exomes_non_neuro_ASJ_nhomalt,FALSE
gnomAD2_1_1_exomes_non_neuro_EAS_AC_new,TRUE,gnomAD2_1_1_exomes_non_neuro_EAS_AC,FALSE
gnomAD2_1_1_exomes_non_neuro_EAS_AF_new,TRUE,gnomAD2_1_1_exomes_non_neuro_EAS_AF,FALSE
gnomAD2_1_1_exomes_non_neuro_EAS_AN_new,TRUE,gnomAD2_1_1_exomes_non_neuro_EAS_AN,FALSE
gnomAD2_1_1_exomes_non_neuro_EAS_nhomalt_new,TRUE,gnomAD2_1_1_exomes_non_neuro_EAS_nhomalt,FALSE
gnomAD2_1_1_exomes_non_neuro_FIN_AC_new,TRUE,gnomAD2_1_1_exomes_non_neuro_FIN_AC,FALSE
gnomAD2_1_1_exomes_non_neuro_FIN_AF_new,TRUE,gnomAD2_1_1_exomes_non_neuro_FIN_AF,FALSE
gnomAD2_1_1_exomes_non_neuro_FIN_AN_new,TRUE,gnomAD2_1_1_exomes_non_neuro_FIN_AN,FALSE
gnomAD2_1_1_exomes_non_neuro_FIN_nhomalt_new,TRUE,gnomAD2_1_1_exomes_non_neuro_FIN_nhomalt,FALSE
gnomAD2_1_1_exomes_non_neuro_NFE_AC_new,TRUE,gnomAD2_1_1_exomes_non_neuro_NFE_AC,FALSE
gnomAD2_1_1_exomes_non_neuro_NFE_AF_new,TRUE,gnomAD2_1_1_exomes_non_neuro_NFE_AF,FALSE
gnomAD2_1_1_exomes_non_neuro_NFE_AN_new,TRUE,gnomAD2_1_1_exomes_non_neuro_NFE_AN,FALSE
gnomAD2_1_1_exomes_non_neuro_NFE_nhomalt_new,TRUE,gnomAD2_1_1_exomes_non_neuro_NFE_nhomalt,FALSE
gnomAD2_1_1_exomes_non_neuro_POPMAX_AC_new,TRUE,gnomAD2_1_1_exomes_non_neuro_POPMAX_AC,FALSE
gnomAD2_1_1_exomes_non_neuro_POPMAX_AF_new,TRUE,gnomAD2_1_1_exomes_non_neuro_POPMAX_AF,FALSE
gnomAD2_1_1_exomes_non_neuro_POPMAX_AN_new,TRUE,gnomAD2_1_1_exomes_non_neuro_POPMAX_AN,FALSE
gnomAD2_1_1_exomes_non_neuro_POPMAX_nhomalt_new,TRUE,gnomAD2_1_1_exomes_non_neuro_POPMAX_nhomalt,FALSE
gnomAD2_1_1_exomes_non_neuro_SAS_AC_new,TRUE,gnomAD2_1_1_exomes_non_neuro_SAS_AC,FALSE
gnomAD2_1_1_exomes_non_neuro_SAS_AF_new,TRUE,gnomAD2_1_1_exomes_non_neuro_SAS_AF,FALSE
gnomAD2_1_1_exomes_non_neuro_SAS_AN_new,TRUE,gnomAD2_1_1_exomes_non_neuro_SAS_AN,FALSE
gnomAD2_1_1_exomes_non_neuro_SAS_nhomalt_new,TRUE,gnomAD2_1_1_exomes_non_neuro_SAS_nhomalt,FALSE
gnomAD2_1_1_exomes_non_neuro_nhomalt_new,TRUE,gnomAD2_1_1_exomes_non_neuro_nhomalt,FALSE
gnomAD4_1_joint_AC_new,TRUE,gnomAD4_1_joint_AC,FALSE
gnomAD4_1_joint_AFR_AC_new,TRUE,gnomAD4_1_joint_AFR_AC,FALSE
gnomAD4_1_joint_AFR_AF_new,TRUE,gnomAD4_1_joint_AFR_AF,FALSE
gnomAD4_1_joint_AFR_AN_new,TRUE,gnomAD4_1_joint_AFR_AN,FALSE
gnomAD4_1_joint_AFR_nhomalt_new,TRUE,gnomAD4_1_joint_AFR_nhomalt,FALSE
gnomAD4_1_joint_AF_new,TRUE,gnomAD4_1_joint_AF,FALSE
gnomAD4_1_joint_AMI_AC_new,TRUE,gnomAD4_1_joint_AMI_AC,FALSE
gnomAD4_1_joint_AMI_AF_new,TRUE,gnomAD4_1_joint_AMI_AF,FALSE
gnomAD4_1_joint_AMI_AN_new,TRUE,gnomAD4_1_joint_AMI_AN,FALSE
gnomAD4_1_joint_AMI_nhomalt_new,TRUE,gnomAD4_1_joint_AMI_nhomalt,FALSE
gnomAD4_1_joint_AMR_AC_new,TRUE,gnomAD4_1_joint_AMR_AC,FALSE
gnomAD4_1_joint_AMR_AF_new,TRUE,gnomAD4_1_joint_AMR_AF,FALSE
gnomAD4_1_joint_AMR_AN_new,TRUE,gnomAD4_1_joint_AMR_AN,FALSE
gnomAD4_1_joint_AMR_nhomalt_new,TRUE,gnomAD4_1_joint_AMR_nhomalt,FALSE
gnomAD4_1_joint_AN_new,TRUE,gnomAD4_1_joint_AN,FALSE
gnomAD4_1_joint_ASJ_AC_new,TRUE,gnomAD4_1_joint_ASJ_AC,FALSE
gnomAD4_1_joint_ASJ_AF_new,TRUE,gnomAD4_1_joint_ASJ_AF,FALSE
gnomAD4_1_joint_ASJ_AN_new,TRUE,gnomAD4_1_joint_ASJ_AN,FALSE
gnomAD4_1_joint_ASJ_nhomalt_new,TRUE,gnomAD4_1_joint_ASJ_nhomalt,FALSE
gnomAD4_1_joint_EAS_AC_new,TRUE,gnomAD4_1_joint_EAS_AC,FALSE
gnomAD4_1_joint_EAS_AF_new,TRUE,gnomAD4_1_joint_EAS_AF,FALSE
gnomAD4_1_joint_EAS_AN_new,TRUE,gnomAD4_1_joint_EAS_AN,FALSE
gnomAD4_1_joint_EAS_nhomalt_new,TRUE,gnomAD4_1_joint_EAS_nhomalt,FALSE
gnomAD4_1_joint_FIN_AC_new,TRUE,gnomAD4_1_joint_FIN_AC,FALSE
gnomAD4_1_joint_FIN_AF_new,TRUE,gnomAD4_1_joint_FIN_AF,FALSE
gnomAD4_1_joint_FIN_AN_new,TRUE,gnomAD4_1_joint_FIN_AN,FALSE
gnomAD4_1_joint_FIN_nhomalt_new,TRUE,gnomAD4_1_joint_FIN_nhomalt,FALSE
gnomAD4_1_joint_MID_AC_new,TRUE,gnomAD4_1_joint_MID_AC,FALSE
gnomAD4_1_joint_MID_AF_new,TRUE,gnomAD4_1_joint_MID_AF,FALSE
gnomAD4_1_joint_MID_AN_new,TRUE,gnomAD4_1_joint_MID_AN,FALSE
gnomAD4_1_joint_MID_nhomalt_new,TRUE,gnomAD4_1_joint_MID_nhomalt,FALSE
gnomAD4_1_joint_NFE_AC_new,TRUE,gnomAD4_1_joint_NFE_AC,FALSE
gnomAD4_1_joint_NFE_AF_new,TRUE,gnomAD4_1_joint_NFE_AF,FALSE
gnomAD4_1_joint_NFE_AN_new,TRUE,gnomAD4_1_joint_NFE_AN,FALSE
gnomAD4_1_joint_NFE_nhomalt_new,TRUE,gnomAD4_1_joint_NFE_nhomalt,FALSE
gnomAD4_1_joint_POPMAX_AC_new,TRUE,gnomAD4_1_joint_POPMAX_AC,FALSE
gnomAD4_1_joint_POPMAX_AF_new,TRUE,gnomAD4_1_joint_POPMAX_AF,FALSE
gnomAD4_1_joint_POPMAX_AN_new,TRUE,gnomAD4_1_joint_POPMAX_AN,FALSE
gnomAD4_1_joint_POPMAX_nhomalt_new,TRUE,gnomAD4_1_joint_POPMAX_nhomalt,FALSE
gnomAD4_1_joint_SAS_AC_new,TRUE,gnomAD4_1_joint_SAS_AC,FALSE
gnomAD4_1_joint_SAS_AF_new,TRUE,gnomAD4_1_joint_SAS_AF,FALSE
gnomAD4_1_joint_SAS_AN_new,TRUE,gnomAD4_1_joint_SAS_AN,FALSE
gnomAD4_1_joint_SAS_nhomalt_new,TRUE,gnomAD4_1_joint_SAS_nhomalt,FALSE
gnomAD4_1_joint_flag_new,TRUE,gnomAD4_1_joint_flag,FALSE
gnomAD4_1_joint_nhomalt_new,TRUE,gnomAD4_1_joint_nhomalt,FALSE
gnomAD_LOEUF_new,TRUE,gnomAD_LOEUF,FALSE
gnomAD_MOEUF_new,TRUE,gnomAD_MOEUF,FALSE
gnomAD_lof_oe_new,TRUE,gnomAD_lof_oe,FALSE
gnomAD_mis_oe_new,TRUE,gnomAD_mis_oe,FALSE
gnomAD_pLI_new,TRUE,gnomAD_pLI,FALSE
gnomAD_pNull_new,TRUE,gnomAD_pNull,FALSE
gnomAD_pRec_new,TRUE,gnomAD_pRec,FALSE
phastCons100way_vertebrate_new,TRUE,phastCons100way_vertebrate,FALSE
phastCons100way_vertebrate_rankscore_new,TRUE,phastCons100way_vertebrate_rankscore,FALSE
phastCons17way_primate_rankscore_new,TRUE,phastCons17way_primate_rankscore,FALSE
phastCons470way_mammalian_new,TRUE,phastCons470way_mammalian,FALSE
phastCons470way_mammalian_rankscore_new,TRUE,phastCons470way_mammalian_rankscore,FALSE
phyloP100way_vertebrate_rankscore_new,TRUE,phyloP100way_vertebrate_rankscore,FALSE
phyloP17way_primate_new,TRUE,phyloP17way_primate,FALSE
phyloP17way_primate_rankscore_new,TRUE,phyloP17way_primate_rankscore,FALSE
phyloP470way_mammalian_new,TRUE,phyloP470way_mammalian,FALSE
phyloP470way_mammalian_rankscore_new,TRUE,phyloP470way_mammalian_rankscore,FALSE
popEVE_ESM1v_new,TRUE,popEVE_ESM1v,FALSE
popEVE_EVE_new,TRUE,popEVE_EVE,FALSE
popEVE_SCORE_1_new,TRUE,popEVE_SCORE_1,FALSE
popEVE_converted_rankscore_new,TRUE,popEVE_converted_rankscore,FALSE
popEVE_gap_frequency_new,TRUE,popEVE_gap_frequency,FALSE
popEVE_gene_new,TRUE,popEVE_gene,FALSE
popEVE_mutant_new,TRUE,popEVE_mutant,FALSE
popEVE_pop_adjusted_ESM1v_new,TRUE,popEVE_pop_adjusted_ESM1v,FALSE
popEVE_pop_adjusted_EVE_new,TRUE,popEVE_pop_adjusted_EVE,FALSE
popEVE_pred_new,TRUE,popEVE_pred,FALSE
popEVE_protein_new,TRUE,popEVE_protein,FALSE
popEVE_score_new,TRUE,popEVE_score,FALSE
ucsc_id_new,TRUE,ucsc_id,FALSE
